City,Latitude,Longitude,Temperature (F),Humidity (%),Cloudiness (%),Wind Speed (mph)
Dikson,73.51,80.55,43.18,86,100,13.56
Vaini,-21.2,-175.2,75.2,73,40,8.05
Ishigaki,24.34,124.16,82.4,88,40,4.7
Killybegs,54.63,-8.45,61.0,84,100,5.01
Rikitea,-23.12,-134.97,73.83,82,0,12.01
Punta Arenas,-53.15,-70.92,37.2,86,75,33.33
Faya,18.39,42.45,68.9,64,63,2.01
Atuona,-9.8,-139.03,77.9,75,1,16.4
Albany,42.6,-73.97,64.13,40,0,9.82
Lompoc,34.64,-120.46,67.53,64,1,14.99
Ribeira Grande,38.52,-28.7,66.34,61,7,15.35
East London,-33.02,27.91,59.27,60,5,15.39
Tasiilaq,65.61,-37.64,33.8,80,50,0.72
Jorhāt,26.75,94.22,75.92,94,100,4.18
Clyde River,70.47,-68.59,37.4,86,75,10.29
Hilo,19.73,-155.09,80.02,58,1,13.87
Plouzané,48.38,-4.62,64.96,88,100,2.24
Gijang,35.24,129.21,68.0,82,99,3.36
Paoua,7.24,16.44,67.39,98,100,3.36
Xinzhou,38.41,112.73,58.41,89,100,2.8
Busselton,-33.65,115.33,46.58,72,0,8.79
Avarua,-21.21,-159.78,73.4,73,78,14.99
Los Llanos de Aridane,28.66,-17.92,70.79,83,100,5.82
Taoudenni,22.68,-3.98,102.96,10,58,4.27
Lagos,6.58,3.75,77.0,94,40,3.36
Gladstone,-23.85,151.25,68.0,72,75,8.05
Touros,-5.2,-35.46,77.0,78,20,6.93
Bengkulu,-3.8,102.27,74.64,92,65,4.29
Isangel,-19.55,169.27,75.2,78,75,5.82
Klaksvík,62.23,-6.59,42.8,93,94,1.12
Mulino,56.29,42.92,50.0,81,20,6.71
Severo-Kuril'sk,50.68,156.12,52.2,78,9,15.1
Carnarvon,-24.87,113.63,62.6,100,46,5.82
Kuopio,62.89,27.68,48.2,76,0,10.29
Butaritari,3.07,172.79,83.73,72,55,18.77
Cherskiy,68.75,161.3,46.67,73,88,8.75
Barrow,71.29,-156.79,39.2,93,90,8.05
Shimoda,34.67,138.95,66.0,95,48,1.99
Nemuro,43.32,145.57,60.94,67,26,10.49
Thompson,55.74,-97.86,44.6,87,90,8.05
Nanortalik,60.14,-45.24,41.63,77,100,29.21
Broome,42.25,-75.83,58.39,47,1,14.99
Tarnogskiy Gorodok,60.5,43.58,44.4,95,17,7.47
Cidreira,-30.18,-50.21,54.54,62,98,11.41
Kisangani,0.52,25.2,73.2,89,85,2.62
Ca Mau,9.18,105.15,75.97,91,100,2.35
Sobolevo,54.43,31.9,53.87,96,0,8.7
George Town,5.41,100.34,77.22,88,40,8.05
Peleduy,59.63,112.74,47.53,75,70,12.1
New Norfolk,-42.78,147.06,51.3,64,68,5.01
Trofors,65.53,13.41,44.29,87,40,2.24
Grand Gaube,-20.01,57.66,69.01,57,29,11.01
Alta Floresta,-9.88,-56.09,88.66,16,15,3.58
Bluff,-46.6,168.33,46.0,79,67,7.0
Kapaa,22.08,-159.32,82.94,62,90,10.29
Provideniya,64.38,-173.3,48.2,81,90,6.71
Baykit,61.67,96.37,47.1,85,65,1.36
Honningsvåg,70.98,25.97,48.2,87,90,6.93
Saint Paul Harbor,57.79,-152.41,55.4,71,1,5.82
Nianzishan,47.52,122.88,49.82,86,69,3.42
Khudumelapye,-23.88,24.75,64.9,27,2,8.16
Najrān,17.49,44.13,78.8,22,49,3.71
Henties Bay,-22.12,14.28,55.0,80,0,9.46
Tuatapere,-46.13,167.68,46.0,79,56,7.0
Hobart,-42.88,147.33,53.92,54,40,17.22
Souillac,-20.52,57.52,68.0,68,40,16.11
Puerto Ayora,-0.74,-90.35,72.01,57,20,23.04
Yulara,-25.24,130.99,57.2,41,0,5.82
Castro,-24.79,-50.01,71.65,53,87,5.03
Port Elizabeth,-33.92,25.57,55.4,71,0,25.28
Bougouni,11.42,-7.48,76.01,80,100,2.75
Muroto-misakicho,33.28,134.15,69.8,83,75,9.17
Manaure,11.78,-72.44,85.78,76,83,15.43
Makakilo City,21.35,-158.09,84.29,58,1,11.41
Chui,-33.7,-53.46,47.44,71,0,8.97
Sooke,48.37,-123.73,64.33,73,65,8.08
Bredasdorp,-34.53,20.04,46.4,75,26,4.7
Yar-Sale,66.83,70.83,49.17,85,100,19.04
Amuntai,-2.42,115.25,71.94,96,52,1.01
Hermanus,-34.42,19.23,42.01,93,74,2.91
Lianzhou,24.78,112.38,74.53,88,77,0.65
Acaraú,-2.89,-40.12,77.79,73,93,17.43
Jasper,37.2,-94.35,79.83,51,1,9.17
Manono,-7.3,27.42,76.78,47,5,3.24
Daoukro,7.06,-3.96,72.68,95,34,2.71
Kamariótissa,40.48,25.47,75.83,38,1,12.75
Yellowknife,62.46,-114.35,48.11,49,75,14.99
Dunedin,-45.87,170.5,52.0,54,41,15.01
Boende,-0.22,20.87,71.62,97,100,1.41
Mataura,-46.19,168.86,46.0,79,14,7.0
Mufulira,-12.55,28.24,67.1,39,3,3.27
Hasaki,35.73,140.83,70.34,94,75,8.05
Dalbandin,28.89,64.41,75.16,18,2,5.48
Örnsköldsvik,63.29,18.72,46.4,70,50,14.99
Ushuaia,-54.8,-68.3,44.6,56,40,25.28
Aloleng,16.13,119.78,82.38,80,100,4.99
Viljoenskroon,-27.21,26.95,54.0,39,0,5.26
Brigantine,39.41,-74.36,72.79,53,1,11.41
Gwadar,25.12,62.33,84.31,62,74,5.14
Barcelos,41.54,-8.62,66.4,93,75,4.7
Jatiroto,-7.88,111.12,69.01,86,67,2.53
Tabou,4.42,-7.35,76.01,87,94,9.69
Esperance,-33.87,121.9,51.8,93,67,13.87
Cape Town,-33.93,18.42,47.17,81,81,3.36
Umluj,25.02,37.27,87.4,51,0,5.61
Upernavik,72.79,-56.15,28.63,84,0,5.95
Cabo San Lucas,22.89,-109.91,86.74,70,20,9.17
Acapulco de Juárez,16.86,-99.89,86.0,74,75,4.7
Burgeo,47.62,-57.62,55.36,75,100,23.09
Faanui,-16.48,-151.75,78.26,75,13,11.9
Horní Planá,48.77,14.03,64.33,85,1,3.24
Saskylakh,71.92,114.08,42.35,80,100,2.17
Chokurdakh,70.63,147.92,42.71,91,47,9.75
Kostanay,53.17,63.58,53.6,58,100,6.71
Tosya,41.02,34.04,59.74,41,0,2.53
Aklavik,68.22,-135.01,44.6,70,90,9.17
Guarapari,-20.67,-40.5,75.76,69,0,12.75
São Borja,-28.66,-56.0,55.22,71,99,10.6
Lagoa,39.05,-27.98,66.22,64,14,17.22
Constantine,36.37,6.61,64.4,88,20,5.82
Kruisfontein,-34.0,24.73,52.0,66,0,1.99
Bubaque,11.28,-15.83,81.45,86,100,5.32
Hamilton,39.18,-84.53,75.22,50,1,11.41
Myanaung,18.28,95.32,76.84,93,99,4.21
Tarakan,3.3,117.63,79.86,82,100,16.44
Great Falls,47.5,-111.3,76.91,19,1,5.82
Mar del Plata,-38.0,-57.56,50.88,57,0,8.05
Borba,-4.39,-59.59,85.1,57,64,2.89
Pevek,69.7,170.31,40.93,83,100,5.17
Salalah,17.02,54.09,80.6,78,75,3.36
Jamestown,42.1,-79.24,57.85,58,1,10.29
Kirkkonummi,60.12,24.44,49.03,92,5,5.57
Labuan,5.28,115.24,75.09,94,20,2.24
High Prairie,55.43,-116.49,43.16,94,100,7.31
Mithi,24.73,69.8,85.64,71,96,10.42
Port Alfred,-33.59,26.89,56.26,66,0,16.93
Tocopilla,-22.09,-70.2,64.74,53,95,5.03
Bambous Virieux,-20.34,57.76,68.49,68,40,16.11
Hobbs,32.7,-103.14,77.32,41,40,6.93
Champotón,19.35,-90.72,87.8,70,75,11.41
Burnie,-41.07,145.92,51.3,74,100,8.01
Vao,-22.67,167.48,69.37,78,7,17.52
Kuytun,54.34,101.5,42.33,95,75,10.09
Andilamena,-17.02,48.58,53.31,95,47,6.02
Flinders,-34.58,150.86,62.01,88,90,4.0
Road Town,18.42,-64.62,84.33,84,27,11.01
Ponta do Sol,32.67,-17.1,67.55,73,20,1.12
La Ronge,55.1,-105.28,48.2,81,90,10.29
Port Moresby,-9.44,147.18,77.0,83,40,3.36
Guerrero Negro,27.98,-114.06,94.05,28,0,10.16
San Fernando del Valle de Catamarca,-28.47,-65.79,66.99,27,29,11.01
Alofi,-19.06,-169.92,75.2,73,75,16.11
Turaif,31.67,38.66,84.2,26,0,10.29
Codrington,-38.27,141.97,47.71,90,100,6.55
Kavieng,-2.57,150.8,83.88,77,84,15.28
Qaanaaq,77.48,-69.36,29.07,93,75,8.79
Iskateley,67.68,53.15,43.09,95,42,6.44
Korla,41.76,86.15,70.0,64,38,5.88
Kasempa,-13.46,25.83,70.97,33,81,3.2
Kibaya,-5.3,36.57,57.85,92,1,6.96
Villa Unión,23.2,-106.23,87.93,74,75,11.41
Sorsk,54.0,90.25,39.04,84,8,2.59
Jinchang,38.5,102.17,54.54,39,0,3.58
Bethel,41.37,-73.41,67.51,51,0,9.78
San Patricio,19.22,-104.7,89.6,62,75,20.8
Orlik,52.52,99.83,37.58,83,100,2.59
Marsh Harbour,26.54,-77.06,83.86,66,36,4.76
Iquique,-20.22,-70.14,62.6,67,75,10.29
Samarai,-10.62,150.67,79.61,84,98,10.71
Lososina,49.0,140.31,54.01,70,0,5.73
Buluang,13.31,123.34,75.69,91,100,6.06
Ostrovnoy,68.05,39.51,48.06,90,96,8.97
Puerto Varas,-41.32,-72.99,51.8,71,75,8.05
Shwebo,22.57,95.7,76.41,93,100,3.02
Oranjemund,-28.55,16.43,55.42,81,0,11.5
Mangai,-4.05,19.53,73.15,89,46,1.83
El Jícaro,14.92,-89.9,85.17,68,81,2.8
Bossangoa,6.49,17.46,67.5,97,100,1.66
Palu,-0.89,119.87,74.8,80,100,1.72
São Filipe,14.9,-24.5,79.39,81,95,7.23
Rimbey,52.63,-114.24,49.14,66,75,5.82
Manta,-0.95,-80.73,84.2,66,40,13.87
Hohhot,40.81,111.65,53.6,87,40,2.42
Mahébourg,-20.41,57.7,68.0,68,40,16.11
Yantal',56.85,105.25,40.84,90,2,5.82
Beipiao,41.79,120.78,60.87,94,100,1.95
Kembé,4.62,21.89,69.93,97,77,2.15
Sena Madureira,-9.07,-68.66,84.54,58,79,1.52
Shelburne,44.08,-80.2,56.05,44,1,10.29
Guácimo,10.21,-83.68,67.64,100,90,8.05
Carauari,-4.88,-66.9,88.21,51,83,3.11
Tuktoyaktuk,69.45,-133.04,35.6,82,90,10.29
Vestmannaeyjar,63.44,-20.27,47.71,79,14,9.35
Sistranda,63.73,8.83,50.0,76,75,4.7
Portland,45.52,-122.68,66.83,68,90,6.93
Luorong,24.41,109.61,74.86,90,98,3.27
Palm Coast,29.59,-81.21,84.24,74,40,8.05
Lebu,-37.62,-73.65,51.87,77,0,22.12
Botshabelo,-29.27,26.71,48.2,34,0,5.82
Zhangaözen,43.3,52.8,62.33,56,5,10.27
Fairbanks,64.84,-147.72,50.68,70,90,1.52
Bogyiszló,46.39,18.83,67.91,65,0,4.94
‘Ewa Beach,21.32,-158.01,84.27,58,1,11.41
Vila Franca do Campo,37.72,-25.43,66.2,59,20,5.82
Norman Wells,65.28,-126.83,48.2,49,75,14.99
Ilulissat,69.22,-51.1,33.8,37,0,2.24
Itarema,-2.92,-39.92,78.03,73,98,18.14
Ancud,-41.87,-73.82,52.0,84,99,3.0
Waddān,29.16,16.14,79.25,40,12,5.93
Sioux Lookout,50.1,-91.92,55.4,58,90,4.7
Hearst,49.68,-83.67,55.45,48,0,5.08
Alice Springs,-23.7,133.88,57.2,50,0,3.36
Port Blair,11.67,92.75,82.04,77,100,7.54
Kysyl-Syr,63.9,122.76,43.77,88,51,5.79
Galesong,-5.32,119.37,69.8,73,20,1.12
Soller,39.77,2.72,72.73,78,94,3.36
Shingū,33.73,135.98,69.21,72,51,4.41
Kemin,42.78,75.69,58.77,40,71,1.88
Guangming,45.33,122.78,55.98,94,61,2.17
Nome,64.5,-165.41,50.0,93,90,18.34
Mishelevka,52.86,103.17,48.27,92,100,15.84
Takoradze,4.88,-1.76,74.88,92,31,7.0
Mizdah,31.45,12.98,70.07,70,0,5.95
La Rioja,42.25,-2.5,71.6,53,75,3.36
Storslett,69.77,21.02,46.49,82,100,3.13
Egvekinot,66.32,-179.17,42.4,88,100,9.1
Talnakh,69.49,88.4,48.2,100,40,8.95
Gaozhou,21.94,110.85,75.83,90,88,3.24
Quesnel,53.0,-122.5,53.6,66,90,8.05
College,64.86,-147.8,50.47,66,90,3.36
Leningradskiy,69.38,178.42,40.57,95,100,9.15
Saint-Philippe,-21.36,55.77,58.86,59,52,8.05
Vostok,46.49,135.88,47.5,61,98,2.35
São Félix do Xingu,-6.64,-51.99,85.78,21,92,1.97
Yei,4.09,30.68,66.83,94,33,2.62
Naze,28.37,129.48,77.05,83,75,8.05
Qaqortoq,60.72,-46.03,50.0,37,100,16.11
Hualmay,-11.1,-77.61,63.37,76,33,9.08
Praia da Vitória,38.73,-27.07,65.68,55,40,16.15
São Miguel do Araguaia,-13.28,-50.16,86.2,27,2,6.55
Wexford,52.33,-6.46,63.57,79,100,3.42
Olinda,-8.01,-34.86,77.0,78,75,12.75
Ivanteyevka,55.97,37.92,51.44,87,75,8.95
Tulun,54.56,100.58,42.46,95,53,7.16
Tautira,-17.73,-149.15,84.2,66,40,12.75
Pisco,-13.7,-76.22,67.12,68,99,10.29
Raudeberg,61.99,5.14,52.0,96,100,13.76
Tairua,-37.02,175.85,59.85,77,54,15.01
Kokstad,-30.55,29.42,52.47,84,100,3.83
Ulladulla,-35.35,150.47,50.43,100,20,3.36
Richards Bay,-28.78,32.04,66.49,74,96,9.13
Dingle,11.0,122.67,75.45,90,99,0.74
Port Augusta,-32.5,137.77,44.6,100,0,4.7
Saint-Augustin,51.23,-58.65,52.84,62,45,19.8
Nanhai,30.13,111.78,66.99,97,100,1.97
Hay River,60.82,-115.8,51.8,40,75,11.41
Bac Lieu,9.29,105.72,77.86,85,100,3.87
Kabo,7.7,18.63,68.47,98,100,2.64
Broken Hill,-31.95,141.43,46.4,81,0,10.29
Fortuna,40.6,-124.16,69.76,60,1,12.75
Saint George,37.1,-113.58,96.94,7,1,9.17
Hithadhoo,-0.6,73.08,81.23,67,91,3.71
Maceió,-9.67,-35.74,71.6,94,75,4.7
Kibala,9.11,18.35,77.0,88,20,4.18
Necochea,-38.55,-58.74,55.99,38,0,1.99
Atambua,-9.11,124.89,67.05,83,25,4.92
Kuala Terengganu,5.33,103.14,78.4,83,20,3.36
Kirovskiy,45.09,133.51,53.28,95,99,1.39
Chifeng,42.27,118.96,58.05,86,97,3.36
Benguela,-12.58,13.41,71.55,77,98,5.39
Agar,23.7,76.02,75.0,92,49,8.84
Taltal,-25.4,-70.48,59.85,68,22,2.64
Constitución,-35.33,-72.42,57.76,69,0,10.45
Leona Vicario,20.97,-87.19,89.29,66,75,11.41
Mahon,39.89,4.27,73.4,88,7,4.7
Ylöjärvi,61.56,23.6,47.07,87,64,6.93
Pahrump,36.21,-115.98,98.01,15,51,4.0
San Juan,-31.54,-68.54,67.89,25,0,14.56
Sitka,57.05,-135.33,60.8,55,1,8.05
Pokhara,28.23,83.98,69.96,79,99,1.12
Igrim,63.19,64.42,51.46,90,100,10.58
Maningrida,-12.07,134.27,72.93,77,73,10.11
Pedasí,7.53,-80.03,81.7,81,81,13.76
Beisfjord,68.38,17.6,44.02,100,97,3.36
Beloha,-25.17,45.05,76.62,50,84,8.79
Aksarka,66.56,67.8,50.04,92,100,16.78
Muros,42.78,-9.06,64.63,90,2,1.01
Callaway,30.15,-85.57,76.37,94,90,16.11
Buraidah,26.33,43.98,84.2,21,0,2.24
Kaeo,-35.1,173.78,57.99,3,82,7.0
Caravelas,-17.71,-39.25,72.09,78,0,6.8
Narsaq,60.92,-46.05,50.0,37,100,16.11
Lebyazh'ye,55.27,66.49,51.39,75,97,8.01
Bandar-e Lengeh,26.56,54.88,91.4,21,0,6.93
Siguiri,11.67,-9.5,74.93,89,81,1.45
Toyooka,35.53,134.83,64.4,88,75,9.17
Arman',59.7,150.17,53.78,50,77,5.73
Umm Kaddadah,13.6,26.69,86.2,48,75,9.28
Sabzawār,36.21,57.68,61.27,32,0,7.85
Barkhan,29.9,69.53,80.06,38,39,7.27
Areosa,41.72,-8.86,65.26,93,75,4.7
Toora-Khem,52.47,96.11,33.98,91,5,1.07
Conceição do Araguaia,-8.26,-49.26,90.75,22,92,5.23
Seoul,37.57,126.98,64.92,100,1,2.51
Khatanga,71.97,102.5,47.79,77,87,2.75
Puerto Suárez,-18.95,-57.8,89.6,62,0,10.29
Ferrol,43.48,-8.24,67.14,77,43,5.82
Santa Cruz de la Sierra,-17.8,-63.17,78.8,44,75,20.8
Rawson,-43.3,-65.1,65.53,32,23,13.33
Cirò Marina,39.37,17.13,77.5,64,30,8.1
Hambantota,6.12,81.12,77.0,100,94,5.82
Safi,32.3,-9.24,68.88,87,0,8.81
Vila do Maio,15.13,-23.22,80.42,84,92,11.16
Saint-Pierre,-21.34,55.48,57.87,59,1,8.05
Jiuquan,39.74,98.52,47.75,43,0,1.79
Oktyabr'skiy,54.48,53.47,45.39,92,53,5.77
Rome,43.21,-75.46,60.64,45,1,12.75
Puerto Escondido,15.85,-97.07,86.0,62,75,6.93
Mayo,38.89,-76.51,73.74,50,1,9.17
Nikolskoye,59.7,30.79,53.31,93,20,8.95
Iqaluit,63.75,-68.51,38.98,56,75,11.41
Khorixas,-20.37,14.97,51.91,46,0,2.42
Loreto,22.27,-101.97,74.05,45,72,11.86
Mehamn,71.04,27.85,46.4,93,90,4.7
Mildura,-34.2,142.15,44.31,100,0,4.7
Nioro,13.35,-15.75,79.92,83,54,4.52
Vakhrushevo,55.23,61.72,53.6,66,20,8.95
Bafra,41.57,35.91,75.2,78,40,14.99
Cap Malheureux,-19.98,57.61,69.01,56,21,8.01
Okakarara,-20.58,17.43,59.76,31,0,8.7
Erzin,36.96,36.2,82.0,85,3,1.39
Biak,-0.91,122.88,75.49,80,100,9.22
Lüderitz,-26.65,15.16,55.69,66,0,20.02
Horqueta,-23.34,-57.06,69.96,68,21,12.64
Kaitangata,-46.28,169.85,51.01,50,1,11.01
Paraíso,9.84,-83.87,67.66,100,90,8.05
Thohoyandou,-22.95,30.48,70.61,27,0,3.18
Nauta,-4.51,-73.58,90.25,54,40,0.67
Ayan,56.45,138.17,59.23,74,100,8.14
Nizhniy Odes,63.64,54.86,45.77,98,99,4.92
Lavrentiya,65.58,-171.0,44.13,96,100,6.78
Ubauro,28.17,69.73,91.92,34,13,8.16
Arraial do Cabo,-22.97,-42.03,75.97,73,0,10.29
Ibrā’,22.69,58.53,77.74,55,71,1.63
Faro,37.02,-7.93,71.6,78,0,11.41
Padang,-0.95,100.35,77.99,73,100,3.24
Prome,18.82,95.22,76.19,95,100,4.61
Key Largo,25.09,-80.45,84.38,71,97,3.0
Chirilagua,13.22,-88.14,87.8,58,40,16.11
La Grande,45.32,-118.09,77.41,33,1,6.93
Lerwick,60.15,-1.15,55.4,93,100,10.29
Jutaí,-5.18,-68.9,89.42,54,60,0.67
Nerchinskiy Zavod,51.31,119.61,39.22,87,12,0.92
Ust-Maya,60.42,134.53,42.13,83,0,3.44
Kahului,20.89,-156.47,81.81,52,20,21.92
Stromness,58.97,-3.3,57.2,93,75,3.36
Inuvik,68.35,-133.72,41.0,80,90,12.75
Turtas,58.94,69.13,48.79,96,99,2.82
Sindor,62.86,51.89,47.59,96,100,7.38
Tomatlán,19.93,-105.25,89.78,65,56,8.21
Diffa,13.32,12.61,86.36,47,97,14.52
Omboué,-1.57,9.26,74.62,84,27,6.8
Alyangula,-13.85,136.42,68.0,100,60,3.36
Sinnamary,5.38,-52.95,80.67,79,48,6.93
Kyabram,-36.32,145.05,47.14,80,0,7.96
Prainha,-1.8,-53.48,86.4,52,81,4.61
Uherský Brod,49.03,17.65,62.6,94,83,1.01
Sorong,-0.88,131.25,77.05,88,86,11.68
San Quintín,30.48,-115.95,82.17,44,0,10.4
Torbay,47.67,-52.73,66.2,93,90,19.46
Carbonear,47.73,-53.21,65.37,93,90,19.46
Cartagena del Chairá,1.33,-74.84,86.94,58,18,1.19
Luganville,-15.53,167.17,78.8,78,75,8.05
Sorrento,40.63,14.37,77.02,57,5,2.24
Nuuk,64.18,-51.72,41.0,41,100,12.75
Saint-Leu,-21.15,55.28,59.54,59,28,8.05
Ürümqi,43.8,87.6,59.0,33,2,6.71
Katsuura,35.13,140.3,71.56,94,75,3.36
Arrondissement de Sens,48.17,3.33,69.8,60,0,3.36
Kaseda-shirakame,31.42,130.32,70.84,88,90,3.36
Anadyr,64.75,177.48,48.09,93,75,20.13
Blackwater,-23.58,148.88,67.15,67,0,8.59
Vila Velha,-20.33,-40.29,75.74,69,0,12.75
Bonavista,48.65,-53.11,62.38,88,97,17.43
Plettenberg Bay,-34.05,23.37,51.73,77,27,7.2
Green River,41.53,-109.47,78.8,9,1,9.17
Sisimiut,66.94,-53.67,35.56,77,1,6.26
Sāhibganj,25.25,87.65,79.86,86,100,3.67
Narón,43.52,-8.15,67.12,77,51,5.82
Springdale,36.19,-94.13,79.2,57,20,6.93
Linxia Chengguanzhen,35.6,103.21,48.18,69,56,1.61
Pemberton,50.32,-122.8,62.6,63,90,0.89
Nadym,65.53,72.52,47.07,83,100,16.91
Mitú,1.2,-70.17,80.4,83,97,1.39
Tommot,58.96,126.29,43.32,83,63,4.54
Hendek,40.8,30.75,71.6,88,75,3.36
Bradford,53.79,-1.75,62.13,72,0,4.7
Fare,-16.7,-151.02,78.98,72,6,11.36
Maumere,-8.62,122.21,75.76,71,55,1.43
Saint Anthony,45.02,-93.22,78.22,57,1,11.41
Gamba,-2.65,10.0,74.32,84,100,5.7
Baruun-Urt,46.68,113.28,46.26,66,1,12.21
San Jose,37.34,-121.89,75.9,53,20,5.82
Laas,46.62,10.7,59.52,100,5,2.1
Vestmanna,62.16,-7.17,42.8,93,96,1.12
Zhigansk,66.77,123.37,42.51,95,8,11.68
At-Bashi,41.17,75.81,49.35,49,88,2.98
Zyryanka,65.75,150.85,47.93,55,100,1.9
Mount Gambier,-37.83,140.77,46.4,93,90,2.24
Riyadh,24.69,46.72,87.8,23,0,7.83
Peace River,56.25,-117.29,46.4,65,90,8.05
Merauke,-8.47,140.33,76.93,76,97,13.89
Airai,-8.93,125.41,54.32,80,2,3.4
Longyearbyen,78.22,15.64,35.6,94,75,8.05
Udachny,66.42,112.4,41.0,79,7,2.24
Juradó,7.11,-77.76,80.29,82,91,6.46
Buchmany,51.07,28.04,57.85,93,13,4.18
Haapiti,-17.57,-149.87,84.2,66,40,12.75
Yuci,37.68,112.73,62.6,88,75,4.47
Urengoy,65.97,78.37,46.54,88,99,10.74
Colares,38.8,-9.45,68.61,94,0,7.0
Bowen,-20.02,148.23,66.2,88,40,8.05
Bridlington,54.08,-0.19,60.01,93,0,2.24
Banjarmasin,-3.32,114.59,71.6,94,20,1.12
Katobu,-4.94,122.53,71.44,82,11,3.78
Kiryat Gat,31.61,34.76,77.09,100,0,4.59
Flin Flon,54.77,-101.86,50.0,81,90,5.82
Amapá,1.0,-52.0,78.22,80,100,1.83
San Lorenzo,-25.33,-57.53,66.2,63,75,18.34
Geraldton,-28.77,114.6,50.0,93,0,9.17
Pangnirtung,66.15,-65.71,41.0,68,75,11.41
Mazamari,-11.33,-74.53,74.03,73,85,2.42
Ahipara,-35.17,173.17,60.42,75,52,15.37
Dicabisagan,17.08,122.42,79.21,79,100,3.38
Mattru,7.62,-11.83,73.85,98,63,2.62
Comodoro Rivadavia,-45.87,-67.5,62.6,36,100,24.16
Zdvinsk,54.7,78.66,48.54,83,4,4.85
Meulaboh,4.14,96.13,76.64,88,92,4.09
Moerai,-22.43,-151.33,70.97,68,46,9.86
Stornoway,58.21,-6.39,57.11,93,100,10.29
Xam Nua,20.42,104.04,66.09,94,49,1.74
Imbituba,-28.24,-48.67,62.6,63,90,26.4
Malé,4.17,73.51,84.2,83,75,10.29
Lanzhou,36.06,103.79,52.0,84,85,4.16
Srednekolymsk,67.45,153.68,44.04,73,0,7.78
Arlit,18.74,7.39,98.91,11,0,8.9
Berger,59.55,10.37,59.97,44,69,1.99
Havøysund,71.0,24.66,47.32,87,90,6.93
Ambilobe,-13.2,49.05,66.4,69,7,4.45
Marawi,8.0,124.29,73.0,92,100,7.0
Porto de Moz,-1.75,-52.24,86.25,52,100,2.28
Santa Cruz,30.42,-9.6,71.6,78,0,3.36
Palmer,42.16,-72.33,67.86,37,75,11.41
Murmashi,68.82,32.81,46.4,93,75,6.71
Avera,33.19,-82.53,84.99,70,75,5.35
Tegul'det,57.31,88.17,45.91,87,98,4.63
Mount Vernon,40.91,-73.84,74.23,38,75,11.41
Qinhuangdao,39.93,119.59,66.54,85,100,5.86
Lufilufi,-13.87,-171.6,84.99,70,75,5.82
Port Lincoln,-34.73,135.87,53.38,83,88,8.1
Namwala,-15.75,26.44,66.13,38,4,5.39
Anderson,34.53,-82.65,85.84,52,20,8.05
Potsdam,52.4,13.07,67.32,72,25,4.14
Sakhnovshchyna,49.15,35.87,57.52,68,0,6.13
Jalu,29.03,21.55,87.06,29,0,10.47
Pacific Grove,36.62,-121.92,65.8,60,1,11.41
Belyy Yar,53.6,91.39,35.6,100,0,2.24
Hong Kong,22.29,114.16,78.71,94,99,10.0
Mgandu,-5.95,34.13,63.77,66,0,9.4
Dmitriyevka,54.75,55.33,48.09,100,90,11.18
Zeya,53.75,127.27,56.08,88,84,2.59
Zhangjiakou Shi Xuanhua Qu,40.61,115.04,59.2,83,100,3.58
Buta,2.79,24.73,70.12,92,95,2.17
Gurupá,-1.41,-51.64,86.5,52,88,2.51
Ternate,0.8,127.4,79.14,80,100,6.96
St. George's,12.06,-61.75,80.6,94,20,6.93
Acarí,-15.43,-74.62,68.07,53,94,6.46
Sur,22.57,59.53,80.8,60,95,6.06
Kumul,42.8,93.45,59.49,29,0,8.75
Vryburg,-26.96,24.73,52.43,36,0,9.89
Podor,16.65,-14.96,87.8,79,33,2.24
Birao,10.28,22.79,72.28,94,98,3.98
Omsukchan,62.53,155.8,43.57,62,0,2.73
Bathsheba,13.22,-59.52,86.0,70,40,13.87
Adrar,20.5,-10.07,99.45,14,73,4.34
Rocha,-34.48,-54.33,44.65,81,0,6.29
Ivdel',60.69,60.42,48.33,96,100,3.27
Vardø,70.37,31.11,46.4,81,75,9.17
Ashland,40.82,-82.27,63.91,63,75,8.05
Zomba,-15.39,35.32,70.32,47,23,2.37
Kalanguy,51.02,116.52,42.42,71,40,5.68
Tam Ky,15.57,108.48,78.8,83,20,1.12
Grindavik,63.84,-22.43,42.8,93,20,9.17
Liberal,37.04,-100.92,80.6,39,1,6.93
Māngrol,21.12,70.12,80.89,85,80,8.43
Chara,56.91,118.26,51.48,87,100,3.85
Khandyga,62.67,135.6,45.18,86,90,4.29
Seymchan,62.88,152.43,46.62,58,100,0.63
Viedma,-40.81,-63.0,61.77,29,0,15.48
Hibbing,47.43,-92.94,61.63,59,90,10.29
Luang Prabang,19.89,102.13,72.86,88,37,1.03
Camacha,33.08,-16.33,71.6,78,20,4.7
Antofagasta,-23.65,-70.4,59.0,77,40,11.41
Eyl,7.98,49.82,78.35,78,14,18.37
Saldanha,-33.01,17.94,48.2,81,97,4.7
Mananjary,-21.22,48.33,66.96,83,57,3.13
Teya,60.38,92.63,45.09,87,88,1.52
Matara,5.95,80.54,77.88,88,93,9.6
Olafsvik,64.89,-23.71,47.89,75,0,7.0
Tuskegee,32.42,-85.69,86.4,62,75,8.05
Hofn,64.25,-15.21,47.05,78,12,7.63
Santa Cruz de Barahona,18.21,-71.1,86.0,79,75,13.87
Presidente Franco,-25.53,-54.62,71.02,78,100,5.82
Salinópolis,-0.61,-47.36,80.46,80,100,14.7
Homer,59.64,-151.55,58.14,58,1,10.29
Haldia,22.06,88.11,81.41,89,100,4.9
Wahiawā,21.5,-158.02,83.84,54,40,8.05
Pokosnoye,55.53,101.05,40.37,93,38,4.99
Talcahuano,-36.72,-73.12,64.4,59,0,17.22
La Asuncion,11.03,-63.86,83.66,77,0,13.31
Fonte Boa,-2.5,-66.27,75.38,96,99,7.61
Labuhan,-6.88,112.21,75.33,80,1,7.63
Pryazha,61.69,33.62,51.8,71,0,8.95
Wewak,-3.55,143.63,79.14,86,100,7.16
Petropavlovsk-Kamchatskiy,53.05,158.65,50.0,61,0,15.66
Goderich,43.75,-81.72,60.64,61,11,11.95
Faaborg,55.1,10.24,57.81,87,26,1.12
Atar,20.52,-13.05,103.03,15,93,8.81
San Nicolas,18.17,120.6,77.0,94,40,3.36
Waingapu,-9.66,120.26,72.73,84,9,6.98
Umeå,63.83,20.26,44.6,75,1,8.05
Ati,13.22,18.34,78.03,78,89,11.05
Luk Pu,23.17,112.28,82.0,99,67,1.88
Whitehorse,60.72,-135.05,49.39,29,40,4.7
George Town,5.41,100.34,77.0,88,40,8.05
Glenwood Springs,39.55,-107.32,69.53,21,1,3.36
Jacareacanga,-6.22,-57.75,89.46,38,55,2.59
Medicine Hat,50.05,-110.67,55.4,66,90,9.17
Boguchany,58.38,97.45,43.92,91,21,2.33
Hwange,-18.37,26.5,66.31,33,0,2.71
Härnösand,62.63,17.94,49.08,87,96,3.36
Santarém,-2.44,-54.71,89.6,62,93,9.17
Isla Mujeres,21.23,-86.73,89.29,66,75,11.41
Chambersburg,39.94,-77.66,70.38,51,0,7.76
Rock Sound,24.9,-76.2,83.79,67,47,5.23
Jianhu,29.98,120.57,70.77,94,40,2.24
Tiksi,71.69,128.87,40.21,89,5,8.03
Kindu,-2.95,25.95,71.8,95,82,1.81
Bugojno,44.06,17.45,59.72,70,0,0.47
Talas,38.69,35.55,66.2,68,0,1.59
Eureka,40.8,-124.16,67.91,33,9,1.99
Dhidhdhoo,6.88,73.1,81.36,80,83,13.0
Krasnosel'kup,65.7,82.47,47.8,93,100,9.55
Galle,6.04,80.22,79.23,86,96,12.44
Poum,-20.23,164.02,73.51,74,1,13.47
Lorengau,-2.02,147.27,84.18,76,97,11.97
Babushkin,51.71,105.86,44.89,82,100,7.25
Piaseczno,52.08,21.02,60.93,100,41,3.29
Khovu-Aksy,51.13,93.6,37.2,76,4,2.46
Ifo,6.81,3.2,77.0,94,40,3.36
